Instance,Method,Obj,Trucks,Time,Gap_Pct,Truck_Diff,BKS_Obj,BKS_Trucks
C101,MyCG,828.9368669428338,10,5.380981206893921,-0.0003779594622317426,0,828.94,10
C101,OR-Tools,828.936866942834,10,60.00000834465027,-0.0003779594622180279,0,828.94,10
